{
  "fx": 554.2562584220408,
  "fy": 554.2562584220408,
  "cx": 320.0,
  "cy": 240.0,
  "width": 640,
  "height": 480,
  "k1": 0.0,
  "k2": 0.0,
  "k3": 0.0,
  "p1": 0.0,
  "p2": 0.0,
  "fov_x": 60,
  "fov_y": 46.82644889274108,
  "model": "pinhole"
}