{
  "fx": 1662.7687752661222,
  "fy": 1247.0765814495917,
  "cx": 960.0,
  "cy": 540.0,
  "width": 1920,
  "height": 1080,
  "k1": 0.0,
  "k2": 0.0,
  "k3": 0.0,
  "p1": 0.0,
  "p2": 0.0,
  "fov_x": 59.99999999999999,
  "fov_y": 46.82644889274108,
  "model": "pinhole"
}