{
  "iterations": [
    5,
    10,
    15,
    20,
    25,
    30
  ],
  "best_cost_history": [
    97.34978747056235,
    93.50227971310076,
    89.50947894348224,
    86.51876733039805,
    83.58575839489255,
    83.13408876067722
  ],
  "mean_cost_history": [
    103.982677632465,
    97.29886648864196,
    92.49130825775202,
    89.84033228395278,
    91.5766269006595,
    86.51710155489084
  ],
  "std_history": [
    1.2380620011920696,
    2.926139092254469,
    1.2083528932315564,
    1.8453938120743927,
    2.16909062599666,
    1.7491214782077318
  ],
  "sigma_history": [
    0.7737809374999999,
    0.5987369392383786,
    0.46329123015975293,
    0.35848592240854177,
    0.27738957312183365,
    0.2146387639429372
  ],
  "best_ever_cost": 83.13408876067722,
  "total_improvements": 6,
  "timestamp": "2025-09-27T18:27:35.128498"
}