{
  "best_solution": [
    0.0003086035259364118,
    -0.0013919733191552095,
    -0.00019861790874542564,
    0.00019374843543743653,
    -0.0002229381755694457,
    -9.800272148724888e-05,
    0.0006882317909025449,
    0.00042897182129158985
  ],
  "best_fitness": 2.8267991723855056e-06,
  "iteration": 103,
  "time_elapsed": 0.04853534698486328,
  "timestamp": "2025-09-27T19:20:31.488753"
}