{
  "best_solution": [
    -1.13226167355054,
    0.13586427190474432,
    -1.0044402390867455,
    0.6869892728861196,
    0.23386615328572297,
    -0.43267450612383046,
    -0.9312422660695495,
    0.5876182912903231,
    0.7866493639779613,
    -0.20265200173047826
  ],
  "best_fitness": 511.6473339908226,
  "iteration": 2,
  "time_elapsed": 1.018958568572998,
  "timestamp": "2025-09-27T19:20:30.914037"
}