{
  "best_solution": [
    -0.006525991145784967,
    -0.010137917631751925,
    -0.0013216623512738114,
    -0.015611852572247682,
    0.006218461175117075,
    -0.0071120181226600465,
    -0.00045766021754500754,
    -0.003860542421476548,
    -0.0038709085570317074,
    -0.013384072974547762
  ],
  "best_fitness": 0.0006893233107225694,
  "iteration": 54,
  "time_elapsed": 0.07147383689880371,
  "timestamp": "2025-09-27T19:21:06.999125"
}