{
  "best_solution": [
    -0.8988883688291146,
    0.038117287204478635,
    -1.0453436192083712,
    -0.03829936782202824,
    0.2037034140449465,
    -0.36243074594038904,
    -1.254616254982227,
    0.67150236721778,
    0.5011034124428596,
    0.47063645277232646
  ],
  "best_fitness": 613.5291114989681,
  "iteration": 0,
  "time_elapsed": 0.0020813941955566406,
  "timestamp": "2025-09-27T19:20:29.897000"
}