{
  "best_solution": [
    -0.0006887633182670487,
    -0.0003972163802874381,
    0.0011409634970200044,
    -0.0007590200678431598,
    0.0005561089753018851,
    0.0010186392720624667,
    -0.0006595948089681575,
    -0.000292969927141071,
    0.0005075802278120699,
    0.0003726808479208183
  ],
  "best_fitness": 4.774393477578426e-06,
  "iteration": 107,
  "time_elapsed": 0.10166049003601074,
  "timestamp": "2025-09-27T19:21:07.270166"
}