{
  "epoch": 3,
  "loss": 0.3333333333333333,
  "learning_rate": 0.001,
  "batch_size": 32,
  "accuracy": 0.9500000000000001,
  "validation_loss": null,
  "gradient_norm": null,
  "timestamp": "2025-09-27T16:56:56.771491"
}