{
  "iteration": 9,
  "best_cost": 26.574968826024147,
  "mean_cost": 34.41281532564718,
  "std_cost": 3.7270459821158375,
  "population_size": 20,
  "sigma": 0.6302494097246091,
  "converged": true,
  "improvement": 0.10654205919196258,
  "timestamp": "2025-09-27T16:22:41.906311"
}