{
  "epoch": 4,
  "loss": 0.357605547710473,
  "learning_rate": 0.0009000000000000001,
  "batch_size": 32,
  "accuracy": 0.6924033479867109,
  "validation_loss": 0.3933661024815203,
  "gradient_norm": 1.6087780236324236,
  "timestamp": "2025-09-27T16:22:24.461915"
}