{
  "epoch": 8,
  "loss": 0.15104281331626282,
  "learning_rate": 0.0008100000000000001,
  "batch_size": 32,
  "accuracy": 0.9263242023681489,
  "validation_loss": 0.16614709464788913,
  "gradient_norm": 1.903222815982919,
  "timestamp": "2025-09-27T16:22:40.986020"
}