{
  "episode": 2,
  "average_reward": -7.613229911681537,
  "min_reward": -10.241475536068144,
  "max_reward": -5.468452793363607,
  "value_loss": 0.09888992164910423,
  "policy_loss": 0.049665606290897654,
  "entropy": 0.46,
  "explained_variance": 0.8534934551174677,
  "kl_divergence": 0.00530878737710699,
  "timestamp": "2025-09-27T16:22:41.958918"
}