{
  "iteration": 9,
  "best_cost": 16.529888822158654,
  "mean_cost": 18.18287770437452,
  "std_cost": 1.6529888822158654,
  "population_size": 20,
  "sigma": 0.05,
  "converged": false,
  "improvement": 3.659762977306883,
  "timestamp": "2025-09-28T10:54:25.423137"
}